{
  "total_layers": 566,
  "sensitive_layers_count": 418,
  "tolerant_layers_count": 148,
  "cosine_sim_min": 0.6611431241035461,
  "cosine_sim_max": 0.9668872952461243,
  "cosine_sim_mean": 0.8733531251391758,
  "threshold": 0.9
}